h|t|t|p|:|/|/|m|g|o|b|l|o|g|.|c|o|m|/|c|o|n|t|e|n|t|/|u|p|o|n|-|f|u|r|t|h|e|r|-|r|e|v|i|e|w|-|2|0|1|5|-|o|f|f|e|n|s|e|-|v|s|-|U|t|a|h
Ln|Dn|Ds|O Form|RB|TE|WR|D Form|Type|Play|Player|Yards|th
h|t|t|p|:|/|/|m|g|o|b|l|o|g|.|c|o|m|/|c|o|n|t|e|n|t|/|u|p|o|n|-|f|u|r|t|h|e|r|-|r|e|v|i|e|w|-|2|0|1|6|-|o|f|f|e|n|s|e|-|v|s|-|C|o|l|o|r|a|d|o
Ln|Dn|Ds|O Form|RB|TE|WR|D Form|Box|Type|Play|Player|Yards|th
h|t|t|p|:|/|/|m|g|o|b|l|o|g|.|c|o|m|/|c|o|n|t|e|n|t|/|u|p|o|n|-|f|u|r|t|h|e|r|-|r|e|v|i|e|w|-|2|0|1|6|-|o|f|f|e|n|s|e|-|v|s|-|F|l|o|r|i|d|a
Ln|Dn|Ds|O Form|RB|TE|WR|D Form|Type|Play|Player|Yards|th
h|t|t|p|:|/|/|m|g|o|b|l|o|g|.|c|o|m|/|c|o|n|t|e|n|t|/|u|p|o|n|-|f|u|r|t|h|e|r|-|r|e|v|i|e|w|-|2|0|1|6|-|o|f|f|e|n|s|e|-|v|s|-|H|a|w|a|i|i
Ln|Dn|Ds|O Form|RB|TE|WR|D Form|Type|Play|Player|Yards |th
h|t|t|p|:|/|/|m|g|o|b|l|o|g|.|c|o|m|/|c|o|n|t|e|n|t|/|u|p|o|n|-|f|u|r|t|h|e|r|-|r|e|v|i|e|w|-|2|0|1|6|-|o|f|f|e|n|s|e|-|v|s|-|I|l|l|i|n|o|i|s
Ln|Dn|Ds|O Form|RB|TE|WR|D Form|Box|Type|Play|Player|Yards|th
